{
  "441327667": {
    "last_person": {
      "external_id": "tg-441327667-person-1763797483",
      "name": "ИП Промов Про Абрамович",
      "inn": "925014706000"
    },
    "persons_registry": [
      {
        "external_id": "tg-441327667-person-1763796126",
        "name": "ИП Максёнов Иван Семёнович",
        "inn": "912631687894"
      },
      {
        "external_id": "tg-441327667-person-1763797483",
        "name": "ИП Промов Про Абрамович",
        "inn": "925014706000"
      }
    ],
    "last_contract": {
      "external_id": "tg-441327667-service-1763798473",
      "number": "43",
      "date": "2025-11-11"
    }
  },
  "811703885": {
    "last_person": {
      "external_id": "tg-811703885-person-1763758729",
      "name": "ИП мяу мяу",
      "inn": "864389264538"
    }
  }
}